Country,yr1970,yr1971,yr1972,yr1973,yr1974,yr1975,yr1976,yr1977,yr1978,yr1979,yr1980,yr1981,yr1982,yr1983,yr1984,yr1985,yr1986,yr1987,yr1988,yr1989,yr1990,yr1991,yr1992,yr1993,yr1994,yr1995,yr1996,yr1997,yr1998,yr1999,yr2000,yr2001,yr2002,yr2003,yr2004,yr2005,yr2006,yr2007,yr2008,yr2009,yr2010,yr2011,yr2012,yr2013,yr2014,yr2015,yr2016,yr2017,yr2018
Albania,6000.0,6500.0,6700.0,7000.0,7000.0,9000.0,10000.0,10000.0,11500.0,9700.0,11500.0,11500.0,14000.0,15000.0,14100.0,10300.0,15170.0,16227.0,17269.0,16000.0,12250.0,8000.0,1900.0,3400.0,2500.0,3650.0,2630.0,324.0,2300.0,869.0,0.0,0.0,0.0,0.0,642.0,1696.0,1140.0,2384.0,3633.0,2600.0,2672.0,4379.0,5691.0,5087.0,3503.0,2106.0,218.0,0.0,2601.0
Algeria,574.0,514.0,428.0,353.0,350.0,378.0,400.0,400.0,200.0,200.0,200.0,200.0,200.0,200.0,200.0,200.0,200.0,200.0,0.0,0.0,0.0,0.0,0.0,0.0,0.0,0.0,0.0,0.0,0.0,0.0,0.0,0.0,0.0,0.0,0.0,0.0,0.0,0.0,0.0,0.0,0.0,0.0,0.0,0.0,0.0,0.0,0.0,0.0,0.0
Argentina,461.0,497.0,1125.0,284.0,315.0,380.0,265.0,169.0,319.0,89.0,182.0,80.0,37.0,318.0,223.0,391.0,317.0,379.0,492.0,653.0,357.0,409.0,0.0,0.0,0.0,0.0,0.0,30421.0,170273.0,210126.0,145197.0,191667.0,204027.0,199020.0,177143.0,187317.0,180144.0,180223.0,156900.0,143084.0,140300.0,116700.0,135700.0,109600.0,102600.0,61800.0,81900.0,33300.0,17400.0
Australia,157790.0,177261.0,185843.0,220335.0,251340.0,218961.0,218480.0,221579.0,222111.0,237614.0,243541.0,231339.0,245322.0,261476.0,235671.0,259765.0,248368.0,232695.0,243800.0,296000.0,330000.0,320000.0,378000.0,430000.0,418000.0,379000.0,548000.0,549000.0,619000.0,741000.0,832000.0,896000.0,879000.0,830000.0,854000.0,928217.0,878874.0,862535.0,878940.0,855892.0,871963.0,960649.0,921390.0,1000999.0,978534.0,995881.0,947555.0,849121.0,913336.0
Austria,2262.0,2575.0,2231.0,2713.0,2612.0,1923.0,1138.0,0.0,0.0,0.0,0.0,0.0,0.0,0.0,0.0,0.0,0.0,0.0,0.0,0.0,0.0,0.0,0.0,0.0,0.0,0.0,0.0,0.0,0.0,0.0,0.0,0.0,0.0,0.0,0.0,0.0,0.0,0.0,0.0,0.0,0.0,0.0,0.0,0.0,0.0,0.0,0.0,0.0,0.0
Bolivia,8700.0,7809.0,8400.0,7971.0,7433.0,5882.0,4680.0,3670.0,3267.0,1797.0,1882.0,2637.0,2270.0,1982.0,1610.0,1665.0,338.0,0.0,0.0,0.0,0.0,0.0,101.0,94.0,79.0,127.0,92.0,182.0,48.0,24975.0,110.0,18.0,120.0,344.0,576.0,35.0,218.0,606.0,567.0,620.0,2100.0,4176.0,8700.0,7549.0,10746.0,9479.0,8718.0,7219.0,5200.0
Botswana,0.0,0.0,0.0,600.0,2755.0,6504.0,12473.0,11788.0,14615.0,14563.0,15554.0,17815.0,18375.0,20266.0,21517.0,21692.0,21337.0,18934.0,24428.0,23403.0,20612.0,20576.0,20413.0,20132.0,22780.0,20461.0,23299.0,19820.0,22124.0,20960.0,18722.0,19209.0,21590.0,24289.0,21195.0,26704.0,24255.0,19996.0,23146.0,24382.0,48026.0,31929.0,35768.0,48500.0,38000.0,9162.0,12415.0,1239.0,1462.0
Brazil,3920.0,5418.0,4455.0,3412.0,3075.0,1922.0,54.0,0.0,0.0,0.0,402.0,11777.0,24482.0,32077.0,35212.0,40999.0,40183.0,40332.0,44845.0,47439.0,34441.0,37947.0,39845.0,43568.0,39674.0,48933.0,46203.0,39952.0,34446.0,31371.0,31786.0,32734.0,32711.0,26275.0,103153.0,133325.0,147836.0,205728.0,218295.0,211692.0,213548.0,213760.0,223141.0,270979.0,301197.0,359463.0,337600.0,384542.0,381000.0
Bulgaria,42000.0,44400.0,46300.0,48000.0,51600.0,55000.0,57000.0,57000.0,57000.0,60000.0,62000.0,62000.0,65000.0,68000.0,73000.0,58000.0,70000.0,54000.0,50000.0,38800.0,32900.0,47200.0,47400.0,60400.0,75500.0,77400.0,84800.0,75500.0,82500.0,87500.0,93200.0,97100.0,84400.0,91600.0,79600.0,112536.0,123571.0,116157.0,107195.0,110652.0,112904.0,114603.0,118255.0,115149.0,108323.0,111746.0,109702.0,109078.0,109400.0
Myanmar,70.0,80.0,80.0,75.0,70.0,86.0,92.0,100.0,100.0,100.0,56.0,77.0,101.0,4200.0,12000.0,16700.0,10100.0,10600.0,4700.0,5000.0,4400.0,5700.0,5000.0,3581.0,5025.0,5282.0,4841.0,2927.0,6700.0,26736.0,26711.0,25800.0,27500.0,27900.0,31800.0,34500.0,19500.0,15100.0,6900.0,9800.0,10000.0,12000.0,25000.0,33000.0,42000.0,71000.0,95000.0,116000.0,154000.0
Canada,610281.0,654470.0,719672.0,823942.0,821381.0,733826.0,730930.0,759423.0,659380.0,636383.0,716363.0,691328.0,612455.0,653040.0,721826.0,738637.0,698527.0,802181.0,776482.0,723052.0,793735.0,811134.0,768582.0,732591.0,616776.0,726293.0,688426.0,659500.0,705766.0,620085.0,633855.0,633531.0,603498.0,557082.0,562795.0,595383.0,603295.0,596249.0,607957.0,484605.0,522172.0,566779.0,580082.0,652595.0,672729.0,714647.0,693059.0,597194.0,539473.0
Chile,685600.0,708300.0,716900.0,735400.0,899700.0,828300.0,1005200.0,1056200.0,1034200.0,1062700.0,1067900.0,1081100.0,1242200.0,1257500.0,1290700.0,1356400.0,1401100.0,1418100.0,1451000.0,1609300.0,1588400.0,1814300.0,1932700.0,2055400.0,2219900.0,2488600.0,3115800.0,3392000.0,3686900.0,4391200.0,4602000.0,4739000.0,4580600.0,4904200.0,5412500.0,5320500.0,5360800.0,5557000.0,5327600.0,5394400.0,5418900.0,5262800.0,5433900.0,5776000.0,5761100.0,5772100.0,5552600.0,5503500.0,5831600.0
China,0.0,0.0,115000.0,120000.0,130000.0,140000.0,150000.0,155000.0,160000.0,160000.0,165000.0,170000.0,175000.0,175000.0,240000.0,270000.0,300000.0,350000.0,370000.0,544000.0,557000.0,304000.0,334300.0,345695.0,395630.0,441900.0,436400.0,495500.0,486800.0,520100.0,592600.0,587000.0,578100.0,614400.0,754200.0,776000.0,889000.0,946200.0,1092700.0,1062000.0,1155800.0,1294700.0,1576800.0,1715150.0,1776794.0,1712065.0,1900188.0,1706400.0,1591000.0
Colombia,0.0,0.0,0.0,0.0,0.0,0.0,260.0,78.0,100.0,336.0,442.0,315.0,113.0,162.0,234.0,0.0,0.0,0.0,0.0,0.0,0.0,0.0,0.0,0.0,2581.0,2747.0,2222.0,1800.0,1800.0,2100.0,2018.0,2000.0,1700.0,1500.0,1600.0,1800.0,600.0,840.0,1050.0,1140.0,711.0,808.0,781.0,659.0,4118.0,5463.0,8493.0,9355.0,10371.0
Cuba,400.0,0.0,1827.0,2107.0,2901.0,2777.0,2898.0,2583.0,2821.0,2840.0,3350.0,2908.0,2674.0,2688.0,2701.0,3076.0,3257.0,3461.0,2951.0,2759.0,2000.0,2000.0,1500.0,2000.0,2000.0,1858.0,2362.0,2208.0,1351.0,1090.0,1346.0,1000.0,0.0,0.0,0.0,0.0,0.0,0.0,0.0,0.0,0.0,0.0,0.0,0.0,0.0,0.0,0.0,0.0,0.0
Cyprus,0.0,0.0,16767.0,14217.0,12828.0,9866.0,7900.0,6800.0,4678.0,1200.0,0.0,259.0,841.0,1148.0,1267.0,1065.0,559.0,97.0,383.0,485.0,472.0,226.0,0.0,0.0,0.0,0.0,1700.0,3900.0,4908.0,5006.0,5200.0,4600.0,3700.0,2500.0,0.0,0.0,900.0,3012.0,2986.0,2380.0,2595.0,3660.0,4328.0,3631.0,3088.0,2121.0,1754.0,1293.0,908.0
Czechia,0.0,0.0,0.0,0.0,10900.0,10700.0,8500.0,7800.0,8200.0,9000.0,11500.0,9200.0,9300.0,9800.0,10200.0,10100.0,4795.0,4069.0,3807.0,3709.0,2884.0,1550.0,1000.0,0.0,0.0,0.0,0.0,0.0,0.0,0.0,0.0,0.0,0.0,0.0,0.0,0.0,0.0,0.0,0.0,0.0,0.0,0.0,0.0,0.0,0.0,0.0,0.0,0.0,0.0
Ecuador,510.0,565.0,438.0,304.0,179.0,239.0,267.0,765.0,508.0,666.0,923.0,825.0,0.0,0.0,0.0,0.0,0.0,0.0,0.0,0.0,0.0,0.0,0.0,0.0,0.0,0.0,0.0,0.0,0.0,0.0,0.0,0.0,0.0,0.0,0.0,0.0,0.0,0.0,0.0,300.0,700.0,1400.0,1800.0,4700.0,3000.0,1800.0,1000.0,8200.0,8000.0
Finland,30900.0,28500.0,34800.0,38213.0,36667.0,38000.0,41700.0,52113.0,52089.0,44349.0,53000.0,41892.0,41739.0,38570.0,34529.0,30415.0,27463.0,21593.0,18420.0,25107.0,17482.0,16224.0,15351.0,13657.0,13243.0,9049.0,9261.0,8500.0,9500.0,10500.0,11500.0,11600.0,14400.0,14900.0,15500.0,15000.0,13000.0,13600.0,13300.0,14600.0,14700.0,14000.0,25446.0,38763.0,42790.0,41085.0,47488.0,53144.0,46755.0
France,250.0,248.0,472.0,414.0,392.0,183.0,188.0,128.0,200.0,400.0,100.0,98.0,137.0,304.0,310.0,253.0,294.0,291.0,509.0,1027.0,483.0,372.0,0.0,0.0,0.0,0.0,0.0,0.0,0.0,0.0,0.0,0.0,0.0,0.0,0.0,0.0,0.0,0.0,0.0,0.0,0.0,0.0,0.0,0.0,0.0,0.0,0.0,0.0,0.0
Greece,0.0,0.0,0.0,0.0,1500.0,2500.0,2600.0,3500.0,1500.0,0.0,100.0,100.0,100.0,200.0,300.0,300.0,300.0,1000.0,0.0,0.0,0.0,0.0,0.0,0.0,0.0,0.0,0.0,0.0,0.0,0.0,0.0,0.0,0.0,0.0,0.0,0.0,0.0,0.0,0.0,0.0,0.0,0.0,0.0,0.0,0.0,0.0,0.0,0.0,0.0
Guatemala,0.0,0.0,0.0,0.0,1600.0,3300.0,3500.0,2500.0,2023.0,1791.0,813.0,726.0,0.0,0.0,0.0,0.0,0.0,0.0,0.0,0.0,0.0,0.0,0.0,0.0,0.0,0.0,0.0,0.0,0.0,0.0,0.0,0.0,0.0,0.0,0.0,0.0,0.0,0.0,0.0,0.0,0.0,0.0,0.0,0.0,0.0,0.0,0.0,0.0,0.0
Haiti,4848.0,6500.0,0.0,0.0,0.0,0.0,0.0,0.0,0.0,0.0,0.0,0.0,0.0,0.0,0.0,0.0,0.0,0.0,0.0,0.0,0.0,0.0,0.0,0.0,0.0,0.0,0.0,0.0,0.0,0.0,0.0,0.0,0.0,0.0,0.0,0.0,0.0,0.0,0.0,0.0,0.0,0.0,0.0,0.0,0.0,0.0,0.0,0.0,0.0
Honduras,0.0,0.0,0.0,0.0,0.0,200.0,364.0,535.0,427.0,288.0,269.0,454.0,758.0,650.0,2720.0,3329.0,424.0,306.0,538.0,244.0,1388.0,1000.0,1600.0,1000.0,500.0,0.0,0.0,0.0,0.0,0.0,0.0,0.0,0.0,0.0,0.0,0.0,0.0,0.0,0.0,0.0,0.0,0.0,0.0,0.0,0.0,0.0,0.0,0.0,0.0
Hungary,0.0,0.0,0.0,0.0,0.0,400.0,262.0,304.0,203.0,116.0,0.0,0.0,0.0,0.0,0.0,0.0,0.0,0.0,0.0,0.0,0.0,0.0,0.0,0.0,0.0,0.0,0.0,0.0,0.0,0.0,0.0,0.0,0.0,0.0,0.0,0.0,0.0,0.0,0.0,0.0,0.0,0.0,0.0,0.0,0.0,0.0,0.0,0.0,0.0
India,9700.0,11096.0,15669.0,15785.0,20457.0,25155.0,25400.0,29011.0,26640.0,27717.0,26819.0,25200.0,24000.0,43800.0,47000.0,48000.0,49160.0,54085.0,51463.0,53342.0,51566.0,50430.0,49036.0,49416.0,45944.0,46600.0,47800.0,37200.0,48000.0,35479.0,37511.0,38177.0,32780.0,29529.0,30072.0,28640.0,30051.0,32726.0,30528.0,28491.0,31778.0,31375.0,29281.0,32194.0,24889.0,32493.0,31999.0,33678.0,37000.0
Indonesia,0.0,0.0,5000.0,37900.0,64600.0,63500.0,69100.0,57100.0,58000.0,60198.0,58990.0,62550.0,75136.0,78608.0,85619.0,88750.0,100490.0,105346.0,126200.0,135035.0,162366.0,267401.0,369281.0,378000.0,434000.0,618000.0,525900.0,548300.0,809100.0,766100.0,1012000.0,1048700.0,1171726.0,1005837.0,840318.0,1063849.0,817796.0,796899.0,650100.0,995500.0,863900.0,538300.0,398100.0,509300.0,378500.0,578600.0,728000.0,622030.0,651136.0
Iran,0.0,0.0,0.0,0.0,4000.0,4000.0,6000.0,6000.0,6000.0,3000.0,1000.0,2000.0,43000.0,57600.0,43300.0,40000.0,50000.0,40000.0,50700.0,68000.0,67000.0,89900.0,105000.0,86600.0,117900.0,102200.0,107600.0,118700.0,128300.0,130000.0,147200.0,146300.0,140700.0,146100.0,153000.0,149900.0,216200.0,244200.0,248100.0,262500.0,256700.0,258900.0,245500.0,222900.0,216800.0,246400.0,289300.0,295621.0,316500.0
Ireland,8281.0,11800.0,13656.0,13046.0,12700.0,9839.0,4097.0,4829.0,4700.0,5000.0,4000.0,3400.0,1573.0,0.0,0.0,0.0,0.0,0.0,0.0,0.0,0.0,0.0,0.0,0.0,0.0,0.0,0.0,0.0,0.0,0.0,0.0,0.0,0.0,0.0,0.0,0.0,0.0,0.0,0.0,0.0,0.0,0.0,0.0,0.0,0.0,0.0,0.0,0.0,0.0
Israel,10988.0,10700.0,11175.0,10165.0,9488.0,8035.0,2100.0,0.0,0.0,0.0,400.0,4400.0,4100.0,0.0,0.0,0.0,0.0,0.0,0.0,0.0,0.0,0.0,0.0,0.0,0.0,0.0,0.0,0.0,0.0,0.0,0.0,0.0,0.0,0.0,0.0,0.0,0.0,0.0,0.0,0.0,0.0,0.0,0.0,0.0,0.0,0.0,0.0,0.0,0.0
Italy,2300.0,1540.0,1049.0,858.0,900.0,800.0,1000.0,700.0,531.0,489.0,604.0,771.0,138.0,1556.0,876.0,127.0,0.0,0.0,0.0,0.0,0.0,0.0,0.0,0.0,0.0,0.0,0.0,0.0,0.0,0.0,0.0,0.0,0.0,0.0,0.0,0.0,0.0,0.0,0.0,0.0,0.0,0.0,0.0,0.0,0.0,0.0,0.0,0.0,0.0
Japan,119513.0,120551.0,112114.0,91280.0,82135.0,84639.0,81606.0,81395.0,71951.0,59960.0,52553.0,51513.0,50658.0,46045.0,43309.0,43208.0,34928.0,23817.0,16666.0,14650.0,12927.0,12413.0,12074.0,10277.0,6043.0,2376.0,1145.0,932.0,1070.0,867.0,1211.0,744.0,1519.0,1000.0,1000.0,1000.0,300.0,0.0,0.0,0.0,0.0,0.0,0.0,0.0,0.0,0.0,0.0,0.0,0.0
Kenya,79.0,73.0,72.0,70.0,70.0,70.0,0.0,0.0,0.0,0.0,0.0,0.0,0.0,0.0,0.0,0.0,0.0,0.0,0.0,0.0,0.0,0.0,0.0,0.0,0.0,0.0,0.0,0.0,0.0,0.0,0.0,0.0,0.0,0.0,0.0,0.0,0.0,0.0,0.0,0.0,0.0,0.0,0.0,0.0,0.0,0.0,0.0,0.0,0.0
South Korea,1639.0,1773.0,2082.0,2321.0,3235.0,2330.0,2097.0,1688.0,715.0,475.0,372.0,501.0,320.0,389.0,464.0,308.0,215.0,249.0,0.0,0.0,0.0,0.0,0.0,0.0,0.0,0.0,0.0,0.0,0.0,0.0,0.0,0.0,0.0,0.0,0.0,0.0,0.0,0.0,0.0,0.0,0.0,0.0,0.0,0.0,0.0,0.0,0.0,0.0,0.0
North Korea,13000.0,13000.0,13000.0,13000.0,14000.0,15000.0,15000.0,15000.0,15000.0,15000.0,12000.0,12000.0,12000.0,10000.0,10000.0,10000.0,10000.0,12000.0,12000.0,12000.0,12000.0,14000.0,12000.0,12000.0,12000.0,10000.0,10000.0,10000.0,10000.0,10000.0,12000.0,12000.0,12000.0,12000.0,12000.0,12000.0,12000.0,12000.0,2400.0,3700.0,4600.0,7000.0,17000.0,15000.0,7700.0,8600.0,12600.0,1800.0,0.0
Malaysia,0.0,0.0,0.0,0.0,0.0,3800.0,18200.0,24000.0,26000.0,24514.0,26990.0,28642.0,30906.0,29136.0,29288.0,30506.0,28301.0,29861.0,22014.0,23565.0,24327.0,25581.0,28556.0,25182.0,25267.0,20751.0,20219.0,18821.0,13907.0,4600.0,0.0,0.0,0.0,0.0,0.0,0.0,0.0,0.0,0.0,240.0,0.0,0.0,0.0,0.0,0.0,0.0,0.0,0.0,0.0
Mauritania,1950.0,4740.0,15051.0,21277.0,20079.0,6582.0,10000.0,7640.0,1773.0,0.0,0.0,0.0,0.0,0.0,0.0,0.0,0.0,0.0,0.0,0.0,0.0,0.0,0.0,0.0,0.0,0.0,0.0,0.0,0.0,0.0,0.0,0.0,0.0,0.0,0.0,0.0,5031.0,28755.0,33073.0,36608.0,36969.0,35281.0,37670.0,37970.0,33079.0,45001.0,32820.0,28791.0,28138.0
Mexico,61012.0,63150.0,78720.0,80501.0,82670.0,78196.0,88970.0,89662.0,87186.0,107109.0,175399.0,230466.0,239091.0,206062.0,189111.0,167977.0,174558.0,230573.0,268359.0,249328.0,298695.0,284174.0,279042.0,303989.0,305487.0,333565.0,340710.0,390536.0,384641.0,381184.0,364566.0,371123.0,329574.0,355653.0,405539.0,429042.0,334129.0,337527.0,246593.0,240648.0,270136.0,443621.0,500275.0,480124.0,515025.0,594451.0,766129.0,742246.0,696580.0
Mongolia,0.0,0.0,0.0,0.0,0.0,0.0,0.0,0.0,4000.0,21700.0,44000.0,71800.0,95000.0,95000.0,100000.0,100000.0,120338.0,120940.0,121594.0,123410.0,123893.0,90100.0,105100.0,117010.0,120160.0,121900.0,121000.0,130000.0,127784.0,128210.0,125868.0,133500.0,131700.0,130300.0,132250.0,128960.0,132075.0,132565.0,129600.0,132300.0,127600.0,124000.0,123900.0,189000.0,253000.0,318000.0,516000.0,475000.0,458780.0
Morocco,3172.0,2595.0,3831.0,4149.0,4670.0,4600.0,4400.0,3370.0,4300.0,8233.0,7088.0,6767.0,20723.0,22936.0,21380.0,19678.0,18599.0,13944.0,13228.0,14647.0,13901.0,15800.0,14317.0,14300.0,13400.0,13600.0,15100.0,15400.0,10700.0,7123.0,6528.0,5357.0,4994.0,4818.0,2900.0,3200.0,4600.0,5592.0,5929.0,11830.0,14986.0,12076.0,14750.0,11575.0,16579.0,19903.0,23586.0,24603.0,23859.0
Mozambique,0.0,0.0,0.0,0.0,0.0,0.0,2000.0,3000.0,300.0,200.0,145.0,194.0,224.0,250.0,261.0,124.0,273.0,151.0,139.0,88.0,28.0,0.0,0.0,0.0,0.0,0.0,0.0,0.0,0.0,0.0,0.0,0.0,0.0,0.0,0.0,0.0,0.0,0.0,0.0,0.0,0.0,0.0,0.0,0.0,0.0,0.0,0.0,0.0,0.0
Namibia,23000.0,25900.0,21500.0,28300.0,33200.0,34900.0,43500.0,49200.0,37700.0,41900.0,39200.0,44300.0,48800.0,52100.0,50000.0,43128.0,47111.0,37993.0,42899.0,32792.0,27797.0,31719.0,31313.0,29146.0,26555.0,22530.0,14904.0,17879.0,6500.0,0.0,5070.0,15003.0,18040.0,16175.0,11174.0,10157.0,6262.0,5800.0,8800.0,0.0,0.0,3366.0,5304.0,4896.0,5249.0,14010.0,16653.0,15534.0,15177.0
New Zealand,47.0,85.0,0.0,0.0,0.0,0.0,0.0,0.0,0.0,0.0,0.0,0.0,0.0,0.0,0.0,0.0,0.0,0.0,0.0,0.0,0.0,0.0,0.0,0.0,0.0,0.0,0.0,0.0,0.0,0.0,0.0,0.0,0.0,0.0,0.0,0.0,0.0,0.0,0.0,0.0,0.0,0.0,0.0,0.0,0.0,0.0,0.0,0.0,0.0
Nicaragua,3029.0,3662.0,2188.0,1545.0,1775.0,600.0,800.0,300.0,0.0,0.0,0.0,0.0,0.0,0.0,0.0,0.0,0.0,0.0,0.0,0.0,0.0,0.0,0.0,0.0,0.0,0.0,0.0,0.0,0.0,0.0,0.0,0.0,0.0,0.0,0.0,0.0,0.0,0.0,0.0,0.0,0.0,0.0,0.0,0.0,0.0,0.0,0.0,0.0,0.0
Norway,19947.0,21672.0,26007.0,29947.0,24120.0,26647.0,31080.0,29053.0,29073.0,28659.0,28891.0,28123.0,27590.0,22568.0,25042.0,19252.0,29572.0,23235.0,18655.0,20132.0,23041.0,19901.0,12734.0,8743.0,7408.0,6799.0,7394.0,6671.0,2699.0,0.0,0.0,0.0,0.0,0.0,0.0,0.0,0.0,0.0,0.0,0.0,0.0,0.0,0.0,0.0,0.0,0.0,0.0,0.0,0.0
Oman,0.0,0.0,0.0,0.0,0.0,0.0,0.0,0.0,0.0,0.0,0.0,0.0,0.0,11300.0,16200.0,17600.0,16700.0,16900.0,18100.0,16600.0,13700.0,13500.0,13400.0,8800.0,4300.0,0.0,0.0,0.0,0.0,0.0,0.0,0.0,0.0,0.0,0.0,0.0,0.0,7395.0,14826.0,15563.0,16530.0,21166.0,19684.0,10906.0,13699.0,7828.0,0.0,0.0,0.0
Papua New Guinea,0.0,0.0,124000.0,182900.0,184100.0,172477.0,176519.0,182291.0,198603.0,170788.0,146813.0,165420.0,170004.0,183191.0,164447.0,175048.0,178593.0,217699.0,218633.0,204025.0,170211.0,204459.0,193359.0,203945.0,206329.0,212737.0,186665.0,111515.0,151556.0,187921.0,203061.0,203762.0,211315.0,202300.0,173370.0,192978.0,194355.0,169184.0,159650.0,166669.0,159821.0,130456.0,125326.0,105523.0,75901.0,45185.0,80022.0,105419.0,96287.0
Peru,220225.0,207346.0,219126.0,202686.0,211593.0,165813.0,220269.0,338110.0,366753.0,390720.0,366800.0,327614.0,356300.0,322200.0,364732.0,385000.0,386060.0,406430.0,316400.0,368200.0,323400.0,382277.0,379128.0,381250.0,365513.0,409693.0,485595.0,506498.0,483338.0,536387.0,553924.0,722035.0,842783.0,842578.0,1035574.0,1009898.0,1048472.0,1190274.0,1267867.0,1276249.0,1247184.0,1235345.0,1298761.0,1375641.0,1377642.0,1700817.0,2353859.0,2445585.0,2436951.0
Philippines,160292.0,197573.0,213695.0,221195.0,225485.0,225775.0,237588.0,272792.0,263589.0,298300.0,304504.0,302328.0,292086.0,271403.0,233359.0,222189.0,217023.0,214103.0,216465.0,191930.0,180459.0,148000.0,123523.0,136258.0,112075.0,102637.0,62297.0,48637.0,45381.0,37631.0,31900.0,20321.0,18365.0,20414.0,15984.0,16320.0,17161.0,22862.0,21235.0,49060.0,58412.0,63835.0,65444.0,90861.0,91824.0,83835.0,83649.0,68156.0,69933.0
Poland,83000.0,122300.0,135000.0,152000.0,185000.0,230000.0,263000.0,282000.0,312000.0,340000.0,343000.0,294600.0,376000.0,402300.0,431000.0,432000.0,435000.0,438000.0,459000.0,401000.0,370000.0,382000.0,332000.0,382600.0,378000.0,384200.0,421900.0,414737.0,435800.0,463200.0,454100.0,474000.0,502800.0,503544.0,530768.0,511799.0,497200.0,451900.0,429687.0,439365.0,425725.0,426665.0,427064.0,428879.0,421285.0,426196.0,424000.0,419000.0,401300.0
Portugal,3762.0,3957.0,543.0,651.0,568.0,447.0,387.0,3208.0,2962.0,3652.0,3889.0,2849.0,2287.0,375.0,366.0,314.0,271.0,203.0,8221.0,98017.0,159841.0,158885.0,152300.0,150430.0,130255.0,129726.0,107774.0,106580.0,114515.0,99472.0,76300.0,82965.0,77227.0,77581.0,95700.0,89541.0,78660.0,90247.0,89026.0,86462.0,74426.0,79686.0,74043.0,77236.0,75433.0,83081.0,74453.0,63812.0,49064.0
Romania,0.0,0.0,30000.0,40000.0,40000.0,44000.0,30000.0,27000.0,27000.0,29000.0,28000.0,30000.0,30000.0,28000.0,30000.0,30000.0,35000.0,49800.0,50200.0,47800.0,32000.0,27200.0,24700.0,25250.0,26034.0,24520.0,24434.0,22638.0,19065.0,16455.0,16099.0,19185.0,19323.0,23389.0,20380.0,16286.0,12535.0,2213.0,308.0,3129.0,5127.0,6355.0,5902.0,6800.0,7200.0,3600.0,7300.0,7400.0,8100.0
South Africa,144200.0,148400.0,161927.0,175797.0,179111.0,178927.0,196880.0,205414.0,205745.0,190591.0,210348.0,208567.0,195643.0,212112.0,206550.0,205052.0,192936.0,197913.0,178171.0,191577.0,188368.0,193642.0,176074.0,189000.0,173000.0,182000.0,188000.0,185000.0,187800.0,162900.0,147600.0,141900.0,90000.0,89338.0,85710.0,88600.0,89500.0,97000.0,108700.0,107600.0,102600.0,96600.0,88800.0,80821.0,78697.0,77360.0,65257.0,65503.0,46900.0
Spain,9522.0,34032.0,39900.0,51588.0,46753.0,30020.0,34867.0,43462.0,40448.0,42982.0,48483.0,56423.0,47614.0,54818.0,63105.0,60960.0,51084.0,16213.0,14165.0,27510.0,13300.0,7716.0,10863.0,6691.0,5944.0,24519.0,38398.0,38887.0,39438.0,7862.0,24804.0,9800.0,1248.0,635.0,1308.0,7358.0,8129.0,6281.0,14138.0,17663.0,54335.0,68511.0,99894.0,104600.0,103900.0,112690.0,167736.0,198353.0,185237.0
Sweden,26283.0,30200.0,30619.0,44819.0,40637.0,40634.0,44860.0,44764.0,47412.0,45773.0,42785.0,51472.0,52682.0,75338.0,90448.0,91867.0,87871.0,86113.0,75032.0,71238.0,74283.0,81650.0,89145.0,88909.0,79384.0,83603.0,71659.0,86610.0,73685.0,71160.0,77765.0,74269.0,71991.0,83143.0,82415.0,87068.0,86746.0,62905.0,57688.0,55414.0,76514.0,82967.0,82422.0,82904.0,79345.0,75125.0,78992.0,104450.0,106142.0
Taiwan,2500.0,2400.0,1996.0,2400.0,2500.0,1900.0,2000.0,2000.0,800.0,600.0,500.0,500.0,0.0,0.0,0.0,0.0,0.0,0.0,0.0,0.0,0.0,0.0,0.0,0.0,0.0,0.0,0.0,0.0,0.0,0.0,0.0,0.0,0.0,0.0,0.0,0.0,0.0,0.0,0.0,0.0,0.0,0.0,0.0,0.0,0.0,0.0,0.0,0.0,0.0
Turkey,31100.0,30000.0,22100.0,30200.0,30000.0,27300.0,29323.0,34979.0,27188.0,30521.0,21300.0,32085.0,32789.0,24767.0,31075.0,29860.0,26085.0,31531.0,37746.0,38151.0,39825.0,39422.0,36425.0,39200.0,43400.0,44500.0,52200.0,64600.0,73900.0,73051.0,76053.0,56820.0,48217.0,43245.0,49800.0,54100.0,46400.0,81000.0,82400.0,72400.0,79900.0,92500.0,104300.0,120500.0,122000.0,108000.0,100000.0,83000.0,79600.0
United States of America,1560038.0,1380894.0,1510318.0,1558489.0,1448776.0,1282184.0,1456564.0,1364375.0,1357587.0,1446586.0,1181116.0,1538160.0,1146975.0,1038098.0,1102613.0,1102600.0,1147277.0,1243596.0,1416928.0,1497818.0,1587742.0,1631078.0,1764756.0,1801382.0,1850000.0,1849100.0,1918300.0,1939600.0,1859400.0,1626400.0,1444100.0,1338600.0,1142400.0,1116000.0,1160000.0,1140000.0,1197000.0,1170000.0,1310000.0,1180000.0,1110000.0,1112900.0,1166800.0,1278200.0,1384700.0,1416300.0,1461900.0,1290000.0,1250000.0
Uganda,0.0,0.0,0.0,14200.0,11500.0,8500.0,7000.0,4000.0,7200.0,0.0,0.0,0.0,0.0,0.0,0.0,0.0,0.0,0.0,0.0,0.0,0.0,0.0,0.0,0.0,0.0,0.0,0.0,0.0,0.0,0.0,0.0,0.0,0.0,0.0,0.0,0.0,0.0,0.0,0.0,0.0,0.0,0.0,0.0,0.0,0.0,0.0,0.0,0.0,0.0
United Kingdom,0.0,0.0,238.0,459.0,434.0,652.0,552.0,453.0,135.0,0.0,200.0,607.0,649.0,652.0,657.0,592.0,602.0,750.0,732.0,508.0,955.0,294.0,0.0,0.0,0.0,0.0,0.0,0.0,0.0,0.0,0.0,0.0,0.0,0.0,0.0,0.0,0.0,0.0,0.0,0.0,0.0,0.0,0.0,0.0,0.0,0.0,0.0,0.0,0.0
Yugoslavia,90808.0,94392.0,103133.0,111797.0,112080.0,114894.0,120130.0,116218.0,123319.0,111421.0,114786.0,110961.0,119299.0,129506.0,137575.0,142479.0,138544.0,130470.0,103523.0,139631.0,140145.0,121842.0,0.0,0.0,0.0,0.0,0.0,0.0,0.0,0.0,0.0,0.0,0.0,0.0,0.0,0.0,0.0,0.0,0.0,0.0,0.0,0.0,0.0,0.0,0.0,0.0,0.0,0.0,0.0
Zambia,684100.0,651400.0,717700.0,706574.0,697956.0,647163.0,711681.0,658788.0,654012.0,586046.0,609935.0,587442.0,529641.0,591300.0,576000.0,510800.0,512858.0,527000.0,518062.0,540079.0,545677.0,423000.0,432600.0,431500.0,384400.0,341938.0,339744.0,331235.0,378798.0,270995.0,249304.0,306909.0,307834.0,346900.0,410300.0,465002.0,497169.0,524000.0,567700.0,601200.0,767008.0,663400.0,695200.0,759800.0,708259.0,710860.0,725359.0,797266.0,851089.0
Armenia,0.0,0.0,0.0,0.0,0.0,0.0,0.0,0.0,0.0,0.0,0.0,0.0,0.0,0.0,0.0,0.0,0.0,0.0,0.0,0.0,0.0,0.0,2000.0,500.0,4900.0,8080.0,9088.0,6770.0,9158.0,9830.0,12234.0,16460.0,16641.0,18068.0,17700.0,16400.0,17930.0,17629.0,18754.0,23233.0,31062.0,33597.0,40908.0,48891.0,50952.0,83634.0,102962.0,113560.0,84100.0
Georgia,0.0,0.0,0.0,0.0,0.0,0.0,0.0,0.0,0.0,0.0,0.0,0.0,0.0,0.0,0.0,0.0,0.0,0.0,0.0,0.0,0.0,0.0,6000.0,5000.0,2300.0,5800.0,6900.0,4000.0,2500.0,1000.0,9000.0,11500.0,13000.0,14700.0,12000.0,9500.0,14600.0,11300.0,18700.0,16600.0,10600.0,10000.0,6800.0,10000.0,6800.0,13000.0,14000.0,15000.0,13000.0
Kazakhstan,0.0,0.0,0.0,0.0,0.0,0.0,0.0,0.0,0.0,0.0,0.0,0.0,0.0,0.0,0.0,0.0,0.0,0.0,0.0,0.0,0.0,0.0,290000.0,263489.0,215444.0,232600.0,250200.0,316000.0,338600.0,373500.0,430200.0,469500.0,473700.0,484500.0,461800.0,401700.0,446300.0,444000.0,467000.0,406100.0,380600.0,405300.0,426800.0,454400.0,471700.0,473600.0,474800.0,557800.0,635500.0
Laos,0.0,0.0,0.0,0.0,0.0,0.0,0.0,0.0,0.0,0.0,0.0,0.0,0.0,0.0,0.0,0.0,0.0,0.0,0.0,0.0,0.0,0.0,0.0,0.0,0.0,0.0,0.0,0.0,0.0,0.0,0.0,0.0,0.0,0.0,1700.0,30480.0,60803.0,62541.0,89004.0,121581.0,132047.0,138756.0,149580.0,154915.0,159696.0,167702.0,177939.0,153304.0,147019.0
Macedonia,0.0,0.0,0.0,0.0,0.0,0.0,0.0,0.0,0.0,0.0,0.0,0.0,0.0,0.0,0.0,0.0,0.0,0.0,0.0,0.0,0.0,0.0,7200.0,10000.0,10000.0,10000.0,13500.0,13000.0,9100.0,10200.0,8886.0,5253.0,4739.0,618.0,0.0,4799.0,7054.0,7029.0,8051.0,7440.0,7912.0,7555.0,10600.0,11700.0,9600.0,11400.0,10200.0,9000.0,8000.0
Pakistan,0.0,0.0,0.0,0.0,0.0,0.0,0.0,0.0,0.0,0.0,0.0,0.0,0.0,0.0,0.0,0.0,0.0,0.0,0.0,0.0,0.0,0.0,0.0,0.0,0.0,4400.0,3000.0,0.0,0.0,0.0,0.0,0.0,0.0,5400.0,14700.0,17700.0,18700.0,18800.0,18700.0,19600.0,19900.0,20000.0,23900.0,20700.0,18000.0,16000.0,14100.0,15000.0,16700.0
Saudi Arabia,0.0,0.0,0.0,0.0,0.0,0.0,0.0,0.0,0.0,0.0,0.0,0.0,0.0,0.0,0.0,0.0,0.0,0.0,0.0,0.0,0.0,0.0,0.0,0.0,917.0,925.0,1142.0,1101.0,782.0,821.0,837.0,1000.0,600.0,627.0,652.0,668.0,730.0,737.0,1465.0,1719.0,1603.0,1954.0,4410.0,5095.0,10848.0,11563.0,27500.0,36279.0,67508.0
United Republic of Tanzania,0.0,0.0,0.0,0.0,0.0,0.0,0.0,0.0,0.0,0.0,0.0,0.0,0.0,0.0,0.0,0.0,0.0,0.0,0.0,0.0,0.0,0.0,0.0,0.0,0.0,0.0,0.0,0.0,0.0,0.0,0.0,3600.0,4200.0,3715.0,4240.0,3661.0,3285.0,3276.0,2852.0,3079.0,6400.0,6748.0,5840.0,5740.0,6363.0,6465.0,7150.0,1331.0,0.0
Uzbekistan,0.0,0.0,0.0,0.0,0.0,0.0,0.0,0.0,0.0,0.0,0.0,0.0,0.0,0.0,0.0,0.0,0.0,0.0,0.0,0.0,0.0,0.0,50000.0,78000.0,49000.0,40000.0,64000.0,74400.0,74400.0,66000.0,70000.0,70000.0,80000.0,80000.0,80000.0,80000.0,80000.0,80000.0,80000.0,80000.0,80000.0,80000.0,95600.0,100000.0,100000.0,100000.0,100000.0,100000.0,100000.0
Vietnam,0.0,0.0,0.0,0.0,0.0,0.0,0.0,0.0,0.0,0.0,0.0,0.0,0.0,0.0,0.0,0.0,0.0,0.0,0.0,0.0,0.0,0.0,0.0,0.0,0.0,0.0,0.0,0.0,0.0,700.0,2400.0,1600.0,1100.0,1200.0,2000.0,3100.0,11400.0,12500.0,11520.0,12935.0,12260.0,11888.0,12716.0,12958.0,20296.0,22524.0,22636.0,21451.0,23378.0
Azerbaijan,0.0,0.0,0.0,0.0,0.0,0.0,0.0,0.0,0.0,0.0,0.0,0.0,0.0,0.0,0.0,0.0,0.0,0.0,0.0,0.0,0.0,0.0,0.0,0.0,0.0,0.0,0.0,0.0,0.0,0.0,0.0,0.0,0.0,0.0,0.0,0.0,0.0,0.0,0.0,0.0,183.0,611.0,502.0,327.0,784.0,969.0,1941.0,1991.0,1645.0
Dominican Republic,0.0,0.0,0.0,0.0,0.0,0.0,0.0,0.0,0.0,0.0,0.0,0.0,0.0,0.0,0.0,0.0,0.0,0.0,0.0,0.0,0.0,0.0,0.0,0.0,0.0,0.0,0.0,0.0,0.0,0.0,0.0,0.0,0.0,0.0,0.0,0.0,0.0,0.0,2109.0,12937.0,10015.0,11777.0,11737.0,10379.0,9262.0,7324.0,9725.0,9618.0,8588.0
Eritrea,0.0,0.0,0.0,0.0,0.0,0.0,0.0,0.0,0.0,0.0,0.0,0.0,0.0,0.0,0.0,0.0,0.0,0.0,0.0,0.0,0.0,0.0,0.0,0.0,0.0,0.0,0.0,0.0,0.0,0.0,0.0,0.0,0.0,0.0,0.0,0.0,0.0,0.0,0.0,0.0,0.0,0.0,0.0,21800.0,88900.0,61600.0,25300.0,7900.0,17300.0
Kyrgyzstan,0.0,0.0,0.0,0.0,0.0,0.0,0.0,0.0,0.0,0.0,0.0,0.0,0.0,0.0,0.0,0.0,0.0,0.0,0.0,0.0,0.0,0.0,0.0,0.0,0.0,0.0,0.0,0.0,0.0,0.0,0.0,0.0,0.0,0.0,0.0,0.0,0.0,0.0,0.0,0.0,0.0,0.0,0.0,0.0,700.0,3100.0,8200.0,7500.0,7200.0
Slovakia,0.0,0.0,0.0,0.0,0.0,0.0,0.0,0.0,0.0,0.0,0.0,0.0,0.0,0.0,0.0,0.0,0.0,0.0,0.0,0.0,0.0,0.0,0.0,0.0,0.0,0.0,0.0,0.0,0.0,0.0,0.0,0.0,0.0,0.0,0.0,0.0,0.0,0.0,0.0,14.0,22.0,28.0,31.0,40.0,46.0,58.0,39.0,32.0,21.0
Tajikistan,0.0,0.0,0.0,0.0,0.0,0.0,0.0,0.0,0.0,0.0,0.0,0.0,0.0,0.0,0.0,0.0,0.0,0.0,0.0,0.0,0.0,0.0,0.0,0.0,0.0,0.0,0.0,0.0,0.0,0.0,0.0,0.0,0.0,0.0,0.0,0.0,0.0,0.0,0.0,0.0,0.0,0.0,0.0,600.0,100.0,1400.0,2500.0,6100.0,0.0
Democratic Republic of the Congo,385948.0,409770.0,443986.0,492223.0,501431.0,465846.0,444356.0,453731.0,473128.0,402416.0,463502.0,506726.0,505485.0,504307.0,500220.0,504335.0,503300.0,502184.0,506320.0,442800.0,352400.0,236100.0,144300.0,60000.0,40642.0,34958.0,40165.0,39651.0,38236.0,33000.0,33000.0,37845.0,27359.0,16359.0,18995.0,97500.0,142300.0,144600.0,239200.0,299300.0,378300.0,499198.0,619942.0,922016.0,1030129.0,1039007.0,1023687.0,1094638.0,1225227.0
Germany,19477.0,16484.0,21321.0,19436.0,19734.0,18461.0,17613.0,18210.0,15821.0,14851.0,13074.0,13400.0,14300.0,13200.0,13000.0,13500.0,12300.0,12612.0,9719.0,8006.0,3564.0,0.0,0.0,0.0,0.0,0.0,0.0,0.0,0.0,0.0,0.0,0.0,0.0,0.0,0.0,0.0,0.0,0.0,0.0,0.0,0.0,0.0,0.0,0.0,0.0,0.0,0.0,0.0,0.0
Republic of Serbia,0.0,0.0,0.0,0.0,0.0,0.0,0.0,0.0,0.0,0.0,0.0,0.0,0.0,0.0,0.0,0.0,0.0,0.0,0.0,0.0,0.0,0.0,97811.0,57375.0,74351.0,74619.0,69467.0,73567.0,70900.0,51700.0,46000.0,31000.0,23100.0,15500.0,13800.0,11600.0,11100.0,16500.0,17600.0,19400.0,22800.0,26100.0,32200.0,36200.0,33739.0,29827.0,41300.0,44800.0,44100.0
Zimbabwe,24000.0,23300.0,31800.0,35000.0,40000.0,47579.0,48186.0,34767.0,33848.0,29724.0,26901.0,24583.0,24800.0,21560.0,22687.0,20700.0,20600.0,18800.0,16116.0,15800.0,14800.0,13811.0,9673.0,8187.0,9350.0,8045.0,9028.0,6832.0,2941.0,4977.0,558.0,2057.0,2502.0,2767.0,2383.0,2570.0,2581.0,2681.0,2827.0,3572.0,4629.0,6555.0,6665.0,8285.0,8261.0,8218.0,9101.0,8839.0,9077.0
Russia,925000.0,990000.0,1030000.0,1060000.0,1060000.0,1100000.0,1130000.0,1100000.0,1140000.0,1130000.0,980000.0,1000000.0,1010000.0,1020000.0,1020000.0,1030000.0,1030000.0,1010000.0,990000.0,950000.0,900000.0,840000.0,680000.0,594000.0,573300.0,525900.0,523000.0,505000.0,530000.0,535000.0,530000.0,540000.0,662100.0,650000.0,630000.0,640000.0,675000.0,690000.0,705000.0,675700.0,702700.0,587900.0,582900.0,655900.0,691500.0,711400.0,702300.0,762300.0,785300.0
